{"1.5": [0, 0], "1.63": [-0.7597452030987077, 0.798358646157644], "1.47": [0.2323369806647136, -0.19249385578089087], "1.44": [0.5611617560340929, -0.5158733145881099], "1.41": [0.7086833737843992, -0.7000329474701397], "1.38": [0.7641629346991872, -0.7509095557184183], "1.66": [-0.7868674665124471, 0.8109571863907209], "1.61": [-0.7290146938318607, 0.7517392720906982], "1.35": [0.7981169242067078, -0.7946750818994441], "1.64": [-0.7689757437500834, 0.813606542321749], "1.32": [0.8070933718946082, -0.7969720265615051], "1.68": [-0.7782006596262493, 0.8240254060346239], "1.54": [-0.3369090760349128, 0.40211853803351977], "1.51": [-0.01024792173991745, 0.09380898352407906], "1.69": [-0.7130770364844136, 0.8188399320433885], "1.59": [-0.6766939354493611, 0.7102916025471177], "1.48": [0.1269179706655928, -0.09135700039578702], "1.45": [0.47335926483709573, -0.437191563101038], "1.42": [0.6801466139278559, -0.6539701449765197], "1.6": [-0.7147593178921927, 0.7473795616948489], "1.58": [-0.6360011924667625, 0.66277095906075], "1.39": [0.7595447184444905, -0.7422545088813359], "1.57": [-0.5765808291872159, 0.6123818835365822], "1.36": [0.7953302685949529, -0.7836328708355137], "1.7": [-0.7990848752140317, 0.8187682968528702], "1.33": [0.8105869030460906, -0.7946877324782824], "1.67": [-0.8003142046358719, 0.8136104611197145], "1.3": [0.80845384534484, -0.8041015198613669], "1.56": [-0.5026671923359513, 0.5641984947433535], "1.52": [-0.1347150107181653, 0.19482825558830924], "1.55": [-0.4249449397138415, 0.4808893939318763], "1.49": [0.107257073668338, 0], "1.46": [0.3417538604707666, -0.29412153638358024], "1.43": [0.6245664010208846, -0.5890542042019303], "1.4": [0.7417791524324246, -0.7195769154845346], "1.37": [0.7878486063061548, -0.7715535585183136], "1.65": [-0.79273528757378, 0.8239692415059413], "1.34": [0.8027523848985285, -0.7899449437453474], "1.31": [0.8032919495312607, -0.7992833305946948], "1.53": [-0.24092928978981742, 0.3036127448875339], "1.62": [-0.7482181693077837, 0.7628964470737506]}