{
    "1.3": [
        0.7826666069922247,
        -0.7854388830147467
    ],
    "1.31": [
        0.7966699654328502,
        -0.7980977028398947
    ],
    "1.32": [
        0.7927819046834057,
        -0.7957010652188119
    ],
    "1.33": [
        0.7977760912859211,
        -0.79808215112891
    ],
    "1.34": [
        0.792987423168714,
        -0.7816624832925606
    ],
    "1.35": [
        0.7978751652429397,
        -0.7792722071381385
    ],
    "1.36": [
        0.7833790872680696,
        -0.7787265948739815
    ],
    "1.37": [
        0.7755150275951279,
        -0.7655036848898368
    ],
    "1.38": [
        0.7627054835350644,
        -0.7525205887828338
    ],
    "1.39": [
        0.7472964547993786,
        -0.7418751965076044
    ],
    "1.4": [
        0.7315927746258326,
        -0.7023052377225616
    ],
    "1.41": [
        0.7142904163575943,
        -0.6876251739113634
    ],
    "1.42": [
        0.6599302256301008,
        -0.6454289093002007
    ],
    "1.43": [
        0.6200153863018294,
        -0.5917118196435137
    ],
    "1.44": [
        0.545411588441264,
        -0.5123075117232497
    ],
    "1.45": [
        0.4841475003000481,
        -0.4388192081431919
    ],
    "1.46": [
        0.3353516458725937,
        -0.29584250212361746
    ],
    "1.47": [
        0.23228430248771548,
        -0.18845439600515915
    ],
    "1.48": [
        0.12450197070286137,
        -0.08601236008348946
    ],
    "1.49": [
        0.029048506421172546,
        0
    ],
    "1.5": [
        0,
        0
    ],
    "1.51": [
        -0.037412647693101084,
        0.09764230362772805
    ],
    "1.52": [
        -0.14368869676934037,
        0.20299296596567626
    ],
    "1.53": [
        -0.24720195664979025,
        0.3088866989947666
    ],
    "1.54": [
        -0.34614043720585064,
        0.4043805974279778
    ],
    "1.55": [
        -0.43889787392821855,
        0.49019400231548965
    ],
    "1.56": [
        -0.5180672170412755,
        0.5684675816667203
    ],
    "1.57": [
        -0.5706057618328977,
        0.6134863097932424
    ],
    "1.58": [
        -0.6336021117421187,
        0.6630349888762542
    ],
    "1.59": [
        -0.6645170479347324,
        0.6980403449896492
    ],
    "1.6": [
        -0.7005379728122203,
        0.7311348377822573
    ],
    "1.61": [
        -0.7140522069730811,
        0.754201596760171
    ],
    "1.62": [
        -0.7514532625167843,
        0.7628629619587649
    ],
    "1.63": [
        -0.7579752334933341,
        0.7695478892604725
    ],
    "1.64": [
        -0.7670498364919948,
        0.7904278954220454
    ],
    "1.65": [
        -0.7791357178374962,
        0.7902939461026368
    ],
    "1.66": [
        -0.7855277682052538,
        0.7934130619095369
    ],
    "1.67": [
        -0.7832213092930536,
        0.7888801274810455
    ],
    "1.68": [
        -0.7785775132211257,
        0.7833213562455366
    ],
    "1.69": [
        -0.7928864209357459,
        0.8097106197884288
    ],
    "1.7": [
        -0.7920949481803462,
        0.8035853328941567
    ]
}