{
    "1.5": [0, 0],
    "1.63": [-0.7627804536248802, 0.7969319065195085],
    "1.47": [0.23859756368153257, -0.18753389300039874],
    "1.44": [0.5746494454480914, -0.5220386248131282],
    "1.41": [0.7195885639029279, -0.6954333661500617],
    "1.38": [0.7854886341342183, -0.7635973474192802],
    "1.66": [-0.7916105995296446, 0.8202203287594206],
    "1.61": [-0.7404275980082559, 0.7494101123222641],
    "1.35": [0.8098214943588045, -0.7992254188605776],
    "1.64": [-0.7819237641553084, 0.8034327790256874],
    "1.32": [0.8032000724575388, -0.8024459889010398],
    "1.68": [-0.7963521820523477, 0.8133092687416305],
    "1.54": [-0.33991006556213055, 0.4049927926182124],
    "1.51": [0, 0.0975823368688792],
    "1.69": [-0.8000495237033968, 0.8006388303648526],
    "1.59": [-0.6918821281671274, 0.719943963709632],
    "1.48": [0.13804079263994767, -0.0891073046586843],
    "1.45": [0.48096813699131136, -0.44474014722621114],
    "1.42": [0.6826605104179304, -0.6504195268402431],
    "1.6": [-0.7066139061601271, 0.7369445787289456],
    "1.58": [-0.6454744362089239, 0.6747438143462048],
    "1.39": [0.7655888465981397, -0.7474947802129331],
    "1.57": [-0.5850727734122138, 0.6304166660770187],
    "1.36": [0.8070992293300981, -0.7902371098226523],
    "1.7": [-0.7943868548565859, 0.801603617653512],
    "1.33": [0.8219637985574231, -0.8073338882186254],
    "1.67": [-0.7943164459623155, 0.8191911665503304],
    "1.3": [0.8024192027434762, -0.8019837665136487],
    "1.56": [-0.5082612788270388, 0.5603712516031376],
    "1.52": [-0.1355336915155964, 0.20207827776613263],
    "1.55": [-0.44117692110938206, 0.4885637390833251],
    "1.49": [0.03433434521684626, 0],
    "1.46": [0.3391429773401721, -0.28915733731644006],
    "1.43": [0.6360984291169084, -0.6041380264934559],
    "1.4": [0.7541351826294804, -0.7268745670617838],
    "1.37": [0.7963073761715991, -0.7879022786378134],
    "1.65": [-0.8007062203219805, 0.8094635693945338],
    "1.34": [0.816194276489112, -0.8098816025672136],
    "1.31": [0.804027785556071, -0.8000108750338967],
    "1.53": [-0.24486768306304701, 0.30683599771972475],
    "1.62": [-0.7619358221832565, 0.7958294563666302]
}