{"left": [17.00787456, 16.732284, 17.401575360000002, 18.66141792, 18.38582736, 17.87401632, 18.1102368, 17.55905568, 17.67716592, 17.637795840000003, 18.07086672, 17.401575360000002, 17.401575360000002, 18.5039376, 17.44094544, 19.2913392, 18.18897696, 18.22834704, 17.283465120000002, 18.93700848, 14.370079200000001], "front": [], "right": [1.1811024, 1.2992126400000001, 1.14173232, 1.14173232, 1.22047248, 1.22047248, 1.25984256, 1.22047248, 1.1811024, 1.1023622400000002, 1.1811024, 1.14173232, 1.1023622400000002, 1.25984256, 1.14173232, 1.1811024, 1.1811024, 1.14173232, 1.25984256, 1.1023622400000002, 1.2992126400000001]}